{
  "step": [
    25,
    50,
    75,
    100,
    125,
    150,
    175,
    200,
    225,
    250,
    275,
    300,
    325,
    350,
    375,
    400,
    425,
    450,
    475,
    500,
    500,
    525,
    550,
    575,
    600,
    625,
    650,
    675,
    700,
    725,
    750,
    775,
    800,
    825,
    850,
    875,
    900,
    925,
    950,
    975,
    1000,
    1000,
    1025,
    1050,
    1075,
    1100,
    1125,
    1150,
    1175,
    1200,
    1225,
    1250,
    1275,
    1300
  ],
  "train_loss": [
    0.16992703170282766,
    0.16836076746927575,
    0.16993569713900797,
    0.18238503049360588,
    0.1563512345147319,
    0.1547015651781112,
    0.1647946285456419,
    0.15083750817342662,
    0.18472114522359334,
    0.1967792034195736,
    0.16899051573360338,
    0.17712011606432498,
    0.12500727631850167,
    0.15829210236901417,
    0.17383081756765023,
    0.17040386894019321,
    0.18592511631548406,
    0.19141339398687707,
    0.15210623341612517,
    0.16407312819734216,
    0.16864401559811085,
    0.17720040530664846,
    0.18695091577945278,
    0.2025809067930095,
    0.14969863615231588,
    0.1441160008899169,
    0.16486111641163007,
    0.17039683917537332,
    0.17095952688367105,
    0.21706959106959403,
    0.1390318001434207,
    0.13429605404962786,
    0.1659078816859983,
    0.185088837222429,
    0.21713582186959685,
    0.18660012264270334,
    0.15692607467295602,
    0.19846495595178568,
    0.1472607169440016,
    0.17637032009661197,
    0.15925757276359945,
    0.23415086334221996,
    0.1620691709476523,
    0.1642596261249855,
    0.1618969916680362,
    0.16687670119223186,
    0.1550756361754611,
    0.15797002672683447,
    0.15229325428837912,
    0.17719484089058823,
    0.14676569837494755,
    0.14472771798027678
  ],
  "learning_rate": [
    2.5e-05,
    5e-05,
    7.500000000000001e-05,
    0.0001,
    9.98931242987009e-05,
    9.957295409142474e-05,
    9.9040858114789e-05,
    9.829911109402017e-05,
    9.735088401843949e-05,
    9.620023058539467e-05,
    9.485206987059009e-05,
    9.331216529890009e-05,
    9.1587100005566e-05,
    8.968424869310828e-05,
    8.761174610426641e-05,
    8.537845224574546e-05,
    8.299391451143888e-05,
    8.046832686705179e-05,
    7.781248627061166e-05,
    7.50377465151698e-05,
    7.215596969101762e-05,
    6.917947547491788e-05,
    6.612098846314093e-05,
    6.299358377345865e-05,
    5.981063114864928e-05,
    5.658573780047197e-05,
    5.3332690238454775e-05,
    5.006539533217967e-05,
    4.679782085902503e-05,
    4.354393579152547e-05,
    4.031765057962242e-05,
    3.7132757683100414e-05,
    3.4002872608434536e-05,
    3.094137570211847e-05,
    2.7961354949307677e-05,
    2.5075550022315887e-05,
    2.229629781815846e-05,
    1.9635479717971656e-05,
    1.7104470793774958e-05,
    1.4714091179719069e-05,
    1.2474559815708919e-05,
    1.0395450761148911e-05,
    8.485652265570377e-06,
    6.753328771115503e-06,
    5.205886009318184e-06,
    3.849939341393894e-06,
    2.691285477384986e-06,
    1.7348776950626144e-06,
    9.848046645253185e-07,
    4.4427296901966563e-07,
    1.155933967069256e-07,
    1.7106197883753895e-10
  ],
  "val_detection_rate": [
    1.0,
    1.0
  ],
  "val_mean_horizon": [
    0.3003731343283582,
    0.29990671641791045
  ],
  "val_horizon_std": [
    0.0,
    0.0020330685370991927
  ],
  "val_horizon_dev": [
    0.0326268656716418,
    0.03309328358208957
  ]
}