{
  "step": [
    25,
    50,
    75,
    100,
    125,
    150,
    175,
    200,
    225,
    250,
    275,
    300,
    325,
    350,
    375,
    400,
    425,
    450,
    475,
    500,
    500,
    525,
    550,
    575,
    600,
    625,
    650,
    675,
    700,
    725,
    750,
    775,
    800,
    825,
    850,
    875,
    900,
    925,
    950,
    975,
    1000,
    1000,
    1025,
    1050,
    1075,
    1100,
    1125,
    1150,
    1175,
    1200,
    1225,
    1250,
    1275,
    1300
  ],
  "train_loss": [
    0.21316832015989348,
    0.15506552426144482,
    0.23137681355699896,
    0.18844923165626823,
    0.17739362714928575,
    0.2136000754730776,
    0.21678248788695784,
    0.21435336568159982,
    0.17096827194676734,
    0.20847382198087872,
    0.19298111538635568,
    0.18050070190569387,
    0.21895483111031352,
    0.214813057591673,
    0.21605847039958462,
    0.2197791269188747,
    0.1714098495687358,
    0.21908219661330805,
    0.20870080973254518,
    0.18913428087136708,
    0.2176427003229037,
    0.24890758731169627,
    0.20000924152089283,
    0.20825763776898384,
    0.1731657890067436,
    0.1866722487914376,
    0.1731896328611765,
    0.21836848714621737,
    0.19746752534527331,
    0.1872784955590032,
    0.18306945504853503,
    0.1547525118314661,
    0.19008543775882572,
    0.21843381419079377,
    0.21081086846999825,
    0.15444192213122732,
    0.1905205089552328,
    0.1793040829873644,
    0.2110302469180897,
    0.1666757766995579,
    0.18709194289287553,
    0.23479617304634304,
    0.19041681543225422,
    0.1843858354794793,
    0.25095767974387856,
    0.18101956198690458,
    0.19544192804256455,
    0.22626842216122894,
    0.18865248906193302,
    0.2580292047024704,
    0.16743460187222808,
    0.1723341080895625
  ],
  "learning_rate": [
    2.5e-05,
    5e-05,
    7.500000000000001e-05,
    0.0001,
    9.98931242987009e-05,
    9.957295409142474e-05,
    9.9040858114789e-05,
    9.829911109402017e-05,
    9.735088401843949e-05,
    9.620023058539467e-05,
    9.485206987059009e-05,
    9.331216529890009e-05,
    9.1587100005566e-05,
    8.968424869310828e-05,
    8.761174610426641e-05,
    8.537845224574546e-05,
    8.299391451143888e-05,
    8.046832686705179e-05,
    7.781248627061166e-05,
    7.50377465151698e-05,
    7.215596969101762e-05,
    6.917947547491788e-05,
    6.612098846314093e-05,
    6.299358377345865e-05,
    5.981063114864928e-05,
    5.658573780047197e-05,
    5.3332690238454775e-05,
    5.006539533217967e-05,
    4.679782085902503e-05,
    4.354393579152547e-05,
    4.031765057962242e-05,
    3.7132757683100414e-05,
    3.4002872608434536e-05,
    3.094137570211847e-05,
    2.7961354949307677e-05,
    2.5075550022315887e-05,
    2.229629781815846e-05,
    1.9635479717971656e-05,
    1.7104470793774958e-05,
    1.4714091179719069e-05,
    1.2474559815708919e-05,
    1.0395450761148911e-05,
    8.485652265570377e-06,
    6.753328771115503e-06,
    5.205886009318184e-06,
    3.849939341393894e-06,
    2.691285477384986e-06,
    1.7348776950626144e-06,
    9.848046645253185e-07,
    4.4427296901966563e-07,
    1.155933967069256e-07,
    1.7106197883753895e-10
  ],
  "val_detection_rate": [
    1.0,
    1.0
  ],
  "val_mean_horizon": [
    0.31156716417910446,
    0.27238805970149255
  ],
  "val_horizon_std": [
    0.02155638061248385,
    0.048489520217787414
  ],
  "val_horizon_dev": [
    0.029373134328358225,
    0.06061194029850749
  ]
}